timestamp,price,order_value,order_direction,pos,holds,fee_rate,margin_taken,hold_return,fee,fee_acc,close_profit,profit_all,balance
2020-01-02 16:47:48.038,7039.5,1000,Long,1000,0.142055543717594,0,1000,0,0,0,0,0,0
2020-01-03 04:17:28.726,6979.5,1000,Short,0,0,0,0,0,0,0,-8.52333262305557,-8.52333262305557,-8.52333262305557
2020-01-03 04:19:02.977,7011.5,1000,Short,-1000,-0.14262283391571,0,1000,0,0,0,0,-8.52333262305557,-8.52333262305557
2020-01-03 21:56:39.323,7263.5,1000,Long,0,0,0,0,0,0,0,-35.9409541467589,-44.4642867698145,-44.4642867698145
2020-01-04 18:40:58.725,7396.5,1000,Short,-1000,-0.135199080646252,0,1000,0,0,0,0,-44.4642867698145,-44.4642867698145
2020-01-04 18:50:37.834,7267.5,1000,Long,0,0,0,0,0,0,0,17.4406814033664,-27.023605366448,-27.023605366448
2020-01-05 01:18:24.219,7428.5,1000,Short,-1000,-0.134616679006529,0,1000,0,0,0,0,-27.023605366448,-27.023605366448
2020-01-05 21:31:40.981,7394.5,1000,Long,0,0,0,0,0,0,0,4.57696708622206,-22.446638280226,-22.446638280226
2020-01-05 22:00:33.043,7353.5,1000,Long,1000,0.135989664785476,0,1000,0,0,0,0,-22.446638280226,-22.446638280226
2020-01-06 02:05:01.212,7469.5,1000,Short,0,0,0,0,0,0,0,15.7748011151152,-6.67183716511078,-6.67183716511078
2020-01-06 02:09:24.142,7517.5,1000,Short,-1000,-0.133022946458264,0,1000,0,0,0,0,-6.67183716511078,-6.67183716511078
2020-01-07 13:05:29.764,7831.5,1000,Long,0,0,0,0,0,0,0,-41.7692051878951,-48.4410423530059,-48.4410423530059
2020-01-07 15:35:35.890,7779.5,1000,Long,1000,0.128542965486214,0,1000,0,0,0,0,-48.4410423530059,-48.4410423530059
2020-01-07 16:40:36.223,7927.5,1000,Short,0,0,0,0,0,0,0,19.0243588919595,-29.4166834610463,-29.4166834610463
2020-01-07 18:28:23.438,8018.5,1000,Short,-1000,-0.124711604414791,0,1000,0,0,0,0,-29.4166834610463,-29.4166834610463
2020-01-07 22:19:23.121,7989.5,1000,Long,0,0,0,0,0,0,0,3.61663652802898,-25.8000469330173,-25.8000469330173
2020-01-07 23:49:19.928,8206.5,1000,Short,-1000,-0.121854627429477,0,1000,0,0,0,0,-25.8000469330173,-25.8000469330173
2020-01-08 13:00:22.722,8274.5,1000,Long,0,0,0,0,0,0,0,-8.28611466520438,-34.0861615982217,-34.0861615982217
2020-01-08 13:17:23.905,8233.5,1000,Long,1000,0.121455031274671,0,1000,0,0,0,0,-34.0861615982217,-34.0861615982217
2020-01-08 13:32:44.079,8371.5,1000,Short,0,0,0,0,0,0,0,16.7607943159046,-17.3253672823172,-17.3253672823172
2020-01-08 13:42:34.923,8412.5,1000,Short,-1000,-0.118870728083209,0,1000,0,0,0,0,-17.3253672823172,-17.3253672823172
2020-01-08 14:11:27.631,8258.5,1000,Long,0,0,0,0,0,0,0,18.3060921248143,0.980724842497104,0.980724842497104
2020-01-08 14:12:41.986,8217.5,1000,Long,1000,0.121691512017037,0,1000,0,0,0,0,0.980724842497104,0.980724842497104
2020-01-08 23:22:33.458,8084.5,1000,Short,0,0,0,0,0,0,0,-16.1849710982659,-15.2042462557688,-15.2042462557688
2020-01-09 09:02:53.042,7866.5,1000,Long,1000,0.127121337316469,0,1000,0,0,0,0,-15.2042462557688,-15.2042462557688
2020-01-09 19:50:41.329,7923.5,1000,Short,0,0,0,0,0,0,0,7.24591622703869,-7.95833002873009,-7.95833002873009
2020-01-09 20:09:49.285,7980.5,1000,Short,-1000,-0.125305431990477,0,1000,0,0,0,0,-7.95833002873009,-7.95833002873009
2020-01-09 20:51:47.166,7779.5,1000,Long,0,0,0,0,0,0,0,25.1863918300857,17.2280618013556,17.2280618013556
2020-01-10 15:15:29.967,8040.5,1000,Short,-1000,-0.124370374976681,0,1000,0,0,0,0,17.2280618013556,17.2280618013556
2020-01-11 05:11:03.015,8095.5,1000,Long,0,0,0,0,0,0,0,-6.84037062371737,10.3876911776382,10.3876911776382
2020-01-11 21:43:34.928,8267.5,1000,Short,-1000,-0.120955548835803,0,1000,0,0,0,0,10.3876911776382,10.3876911776382
2020-01-11 21:54:52.102,8087.5,1000,Long,0,0,0,0,0,0,0,21.7719987904445,32.1596899680828,32.1596899680828
2020-01-11 22:07:13.727,8044.5,1000,Long,1000,0.124308533780844,0,1000,0,0,0,0,32.1596899680828,32.1596899680828
2020-01-12 06:05:20.833,8120.5,1000,Short,0,0,0,0,0,0,0,9.44744856734416,41.6071385354269,41.6071385354269
2020-01-14 00:40:13.365,8200.5,1000,Short,-1000,-0.121943783915615,0,1000,0,0,0,0,41.6071385354269,41.6071385354269
2020-01-14 12:46:28.562,8467.5,1000,Long,0,0,0,0,0,0,0,-32.5589903054692,9.04814822995776,9.04814822995776
2020-01-14 14:13:54.660,8614.5,1000,Short,-1000,-0.116083347843752,0,1000,0,0,0,0,9.04814822995776,9.04814822995776
2020-01-15 04:00:29.134,8724.5,1000,Long,0,0,0,0,0,0,0,-12.7691682628127,-3.72102003285492,-3.72102003285492
2020-01-15 04:06:04.353,8672.5,1000,Long,1000,0.115307004900548,0,1000,0,0,0,0,-3.72102003285492,-3.72102003285492
2020-01-15 09:56:41.303,8720.5,1000,Short,0,0,0,0,0,0,0,5.53473623522634,1.81371620237142,1.81371620237142
2020-01-15 10:01:53.853,8765.5,1000,Short,-1000,-0.114083623295876,0,1000,0,0,0,0,1.81371620237142,1.81371620237142
2020-01-15 16:03:52.253,8732.5,1000,Long,0,0,0,0,0,0,0,3.76475956876388,5.5784757711353,5.5784757711353
2020-01-15 16:05:21.555,8689.5,1000,Long,1000,0.115081420104724,0,1000,0,0,0,0,5.5784757711353,5.5784757711353
2020-01-15 21:17:49.359,8832.5,1000,Short,0,0,0,0,0,0,0,16.4566430749756,22.0351188461109,22.0351188461109
2020-01-16 01:21:51.968,8672.5,1000,Long,1000,0.115307004900548,0,1000,0,0,0,0,22.0351188461109,22.0351188461109
2020-01-16 11:59:07.687,8715.5,1000,Short,0,0,0,0,0,0,0,4.95820121072354,26.9933200568344,26.9933200568344
2020-01-16 12:07:14.728,8755.5,1000,Short,-1000,-0.114213922677174,0,1000,0,0,0,0,26.9933200568344,26.9933200568344
2020-01-17 12:03:49.055,8869.5,1000,Long,0,0,0,0,0,0,0,-13.0203871851978,13.9729328716366,13.9729328716366
2020-01-17 12:12:49.825,8828.5,1000,Long,1000,0.113269524834343,0,1000,0,0,0,0,13.9729328716366,13.9729328716366
2020-01-17 18:44:49.403,8913.5,1000,Short,0,0,0,0,0,0,0,9.62790961091914,23.6008424825557,23.6008424825557
2020-01-18 04:45:28.304,8826.5,1000,Long,1000,0.113295190619158,0,1000,0,0,0,0,23.6008424825557,23.6008424825557
2020-01-18 13:20:05.020,8919.5,1000,Short,0,0,0,0,0,0,0,10.5364527275817,34.1372952101374,34.1372952101374
2020-01-19 01:01:11.863,8999.5,1000,Short,-1000,-0.111117284293572,0,1000,0,0,0,0,34.1372952101374,34.1372952101374
2020-01-19 11:00:29.894,9032.5,1000,Long,0,0,0,0,0,0,0,-3.66687038168781,30.4704248284496,30.4704248284496
2020-01-19 11:01:02.499,8988.5,1000,Long,1000,0.111253268064749,0,1000,0,0,0,0,30.4704248284496,30.4704248284496
2020-01-19 11:04:15.142,8467,1850,Short,-850,-0.100389748435101,-0.00075,850,0,-1.3875,-1.3875,-58.0185792957668,-27.5481544673172,-28.9356544673172
2020-01-19 21:09:56.051,8674.5,1000,Short,-1850,-0.213268776298346,0,1850,-20.8308728002834,0,-1.3875,0,-27.5481544673172,-49.7665272676007
2020-01-19 21:09:56.051,8677.5,1850,Long,0,0,-0.00075,0,0,-1.3875,-2.775,-21.4778833044509,-49.0260377717681,-51.8010377717681
2020-01-19 21:20:04.555,8707.5,1000,Short,-1000,-0.114843525696239,0,1000,0,0,-2.775,0,-49.0260377717681,-51.8010377717681
2020-01-19 22:15:14.157,8581.5,1000,Long,0,0,0,0,0,0,-2.775,14.4702842377261,-34.555753534042,-37.330753534042
2020-01-19 22:15:50.929,8538.5,1000,Long,1000,0.117116589564912,0,1000,0,0,-2.775,0,-34.555753534042,-37.330753534042
2020-01-20 16:00:50.258,8673.5,1000,Short,0,0,0,0,0,0,-2.775,15.8107395912632,-18.7450139427789,-21.5200139427789
2020-01-21 19:40:54.259,8568.5,1000,Long,1000,0.116706541401646,0,1000,0,0,-2.775,0,-18.7450139427789,-21.5200139427789
2020-01-21 20:14:06.423,8690.5,1000,Short,0,0,0,0,0,0,-2.775,14.2381980510008,-4.5068158917781,-7.2818158917781
2020-01-21 21:02:29.057,8756.5,1000,Short,-1000,-0.114200879346771,0,1000,0,0,-2.775,0,-4.5068158917781,-7.2818158917781
2020-01-22 08:36:33.291,8675.5,1000,Long,0,0,0,0,0,0,-2.775,9.25027122708839,4.74345533531029,1.96845533531029
2020-01-22 08:37:02.870,8646.5,1000,Long,1000,0.115653732724224,0,1000,0,0,-2.775,0,4.74345533531029,1.96845533531029
2020-01-23 21:11:21.182,8403.5,1000,Short,0,0,0,0,0,0,-2.775,-28.1038570519863,-23.360401716676,-26.135401716676
2020-01-24 12:01:23.810,8413.5,1000,Short,-1000,-0.118856599512688,0,1000,0,0,-2.775,0,-23.360401716676,-26.135401716676
2020-01-24 23:09:09.051,8420.5,1000,Long,0,0,0,0,0,0,-2.775,-0.831996196588705,-24.1923979132647,-26.9673979132647
2020-01-25 00:30:02.646,8377.5,1000,Long,1000,0.119367353028947,0,1000,0,0,-2.775,0,-24.1923979132647,-26.9673979132647
2020-01-25 21:02:43.193,8368.5,1000,Short,0,0,0,0,0,0,-2.775,-1.07430617726052,-25.2667040905253,-28.0417040905253
2020-01-26 08:27:42.778,8428.5,1000,Short,-1000,-0.118645073263333,0,1000,0,0,-2.775,0,-25.2667040905253,-28.0417040905253
2020-01-28 08:23:32.850,8987.5,1000,Long,0,0,0,0,0,0,-2.775,-66.322595954203,-91.5893000447282,-94.3643000447282
2020-01-28 14:14:43.429,9138.5,1000,Short,-1000,-0.109427148875636,0,1000,0,0,-2.775,0,-91.5893000447282,-94.3643000447282
2020-01-28 15:02:22.999,8971.5,1000,Long,0,0,0,0,0,0,-2.775,18.2743338622313,-73.3149661824969,-76.0899661824969
2020-01-28 17:33:23.030,8888.5,1000,Long,1000,0.112504922090341,0,1000,0,0,-2.775,0,-73.3149661824969,-76.0899661824969
2020-01-28 21:08:59.983,9086.5,1000,Short,0,0,0,0,0,0,-2.775,22.2759745738876,-51.0389916086093,-53.8139916086093
2020-01-28 22:45:07.218,9126.5,1000,Short,-1000,-0.109571029419821,0,1000,0,0,-2.775,0,-51.0389916086093,-53.8139916086093
2020-01-29 10:02:19.283,9301.5,1000,Long,0,0,0,0,0,0,-2.775,-19.1749301484687,-70.213921757078,-72.988921757078
2020-01-29 10:03:26.777,9270.5,1000,Long,1000,0.10786904697697,0,1000,0,0,-2.775,0,-70.213921757078,-72.988921757078
2020-01-29 10:54:03.371,9395.5,1000,Short,0,0,0,0,0,0,-2.775,13.4836308721212,-56.7302908849568,-59.5052908849568
2020-01-29 11:08:51.049,9268.5,1000,Long,1000,0.107892323461186,0,1000,0,0,-2.775,0,-56.7302908849568,-59.5052908849568
2020-01-29 19:36:31.340,9370.5,1000,Short,0,0,0,0,0,0,-2.775,11.0050169930409,-45.7252738919159,-48.5002738919159
2020-01-30 00:24:29.671,9235.5,1000,Long,1000,0.108277840939852,0,1000,0,0,-2.775,0,-45.7252738919159,-48.5002738919159
2020-01-30 07:46:13.477,9369.5,1000,Short,0,0,0,0,0,0,-2.775,14.5092306859401,-31.2160432059758,-33.9910432059758
2020-01-30 16:27:26.245,9437.5,1000,Short,-1000,-0.105960264900662,0,1000,0,0,-2.775,0,-31.2160432059758,-33.9910432059758
2020-01-30 16:32:56.325,9301.5,1000,Long,0,0,0,0,0,0,-2.775,14.4105960264902,-16.8054471794856,-19.5804471794856
2020-01-30 16:33:34.394,9266.5,1000,Long,1000,0.107915609992985,0,1000,0,0,-2.775,0,-16.8054471794856,-19.5804471794856
2020-01-30 16:35:01.295,9235.5,1850,Short,-850,-0.092036164798874,-0.00075,850,0,-1.3875,-4.1625,-3.34538390978253,-20.1508310892682,-24.3133310892682
2020-01-30 17:07:42.806,9407,1850,Long,1000,0.106303816307005,-0.00075,1000,0,-1.3875,-5.55,-15.7842022630069,-35.935033352275,-41.485033352275
2020-01-30 17:08:18.797,9410.5,1000,Short,0,0,0,0,0,0,-5.55,0.372063357074484,-35.5629699952005,-41.1129699952005
2020-01-30 17:23:03.333,9467.5,1000,Short,-1000,-0.105624504885133,0,1000,0,0,-5.55,0,-35.5629699952005,-41.1129699952005
2020-01-31 02:12:50.882,9430.5,1000,Long,0,0,0,0,0,0,-5.55,3.90810668074986,-31.6548633144507,-37.2048633144507
2020-01-31 05:49:43.669,9345.5,1000,Long,1000,0.107003370606174,0,1000,0,0,-5.55,0,-31.6548633144507,-37.2048633144507
2020-01-31 21:43:04.156,9339.5,1000,Short,0,0,0,0,0,0,-5.55,-0.642020223637012,-32.2968835380877,-37.8468835380877
2020-01-31 22:44:52.269,9384.5,1000,Short,-1000,-0.106558687196974,0,1000,0,0,-5.55,0,-32.2968835380877,-37.8468835380877
2020-02-01 11:27:57.897,9339.5,1000,Long,0,0,0,0,0,0,-5.55,4.7951409238638,-27.5017426142239,-33.0517426142239
2020-02-02 02:11:49.262,9265.5,1000,Long,1000,0.107927257028763,0,1000,0,0,-5.55,0,-27.5017426142239,-33.0517426142239
2020-02-02 10:02:51.341,9393.5,1000,Short,0,0,0,0,0,0,-5.55,13.8146888996816,-13.6870537145423,-19.2370537145423
2020-02-02 23:23:56.429,9350.5,1000,Long,1000,0.10694615261216,0,1000,0,0,-5.55,0,-13.6870537145423,-19.2370537145423
2020-02-03 01:30:37.375,9482.5,1000,Short,0,0,0,0,0,0,-5.55,14.1168921448051,0.429838430262835,-5.12016156973717
2020-02-03 01:31:14.287,9529.5,1000,Short,-1000,-0.104937299963272,0,1000,0,0,-5.55,0,0.429838430262835,-5.12016156973717
2020-02-03 02:01:13.283,9322.5,1000,Long,0,0,0,0,0,0,-5.55,21.7220210923974,22.1518595226602,16.6018595226602
2020-02-04 09:16:58.853,9180.5,1000,Long,1000,0.108926529056152,0,1000,0,0,-5.55,0,22.1518595226602,16.6018595226602
2020-02-05 01:02:03.372,9228.5,1000,Short,0,0,0,0,0,0,-5.55,5.22847339469529,27.3803329173555,21.8303329173555
2020-02-05 06:04:31.755,9273.5,1000,Short,-1000,-0.107834151075646,0,1000,0,0,-5.55,0,27.3803329173555,21.8303329173555
2020-02-06 00:22:59.996,9566.5,1000,Long,0,0,0,0,0,0,-5.55,-31.5954062651642,-4.2150733478087,-9.7650733478087
2020-02-06 12:09:17.698,9740.5,1000,Short,-1000,-0.102664134284688,0,1000,0,0,-5.55,0,-4.2150733478087,-9.7650733478087
2020-02-06 18:17:55.947,9718.5,1000,Long,0,0,0,0,0,0,-5.55,2.25861095426314,-1.95646239354556,-7.50646239354557
2020-02-07 11:42:33.210,9874.5,1000,Short,-1000,-0.10127095042787,0,1000,0,0,-5.55,0,-1.95646239354556,-7.50646239354557
2020-02-07 12:14:02.612,9740.5,1000,Long,0,0,0,0,0,0,-5.55,13.5703073573345,11.613844963789,6.06384496378897
2020-02-08 03:03:40.881,9693.5,1000,Long,1000,0.10316191262186,0,1000,0,0,-5.55,0,11.613844963789,6.06384496378897
2020-02-08 08:50:24.064,9819.5,1000,Short,0,0,0,0,0,0,-5.55,12.9984009903544,24.6122459541433,19.0622459541433
2020-02-08 21:46:06.821,9940.5,1000,Short,-1000,-0.100598561440571,0,1000,0,0,-5.55,0,24.6122459541433,19.0622459541433
2020-02-09 15:22:25.881,10073.5,1000,Long,0,0,0,0,0,0,-5.55,-13.379608671596,11.2326372825473,5.68263728254734
2020-02-09 15:23:57.685,10042.5,1000,Long,1000,0.099576798605925,0,1000,0,0,-5.55,0,11.2326372825473,5.68263728254734
2020-02-09 23:09:34.328,10159.5,1000,Short,0,0,0,0,0,0,-5.55,11.6504854368933,22.8831227194406,17.3331227194406
2020-02-10 05:57:53.814,9997.5,1000,Long,1000,0.100025006251563,0,1000,0,0,-5.55,0,22.8831227194406,17.3331227194406
2020-02-10 06:00:57.473,9809,1850,Short,-850,-0.086655112651647,-0.00075,850,0,-1.3875,-6.9375,-18.8547136784196,4.028409041021,-2.909090958979
2020-02-11 12:06:07.414,9819,1850,Long,1000,0.101843364904776,-0.00075,1000,0,-1.3875,-8.325,-0.866551126516378,3.16185791450462,-5.16314208549538
2020-02-11 12:15:28.425,9820.5,1000,Short,0,0,0,0,0,0,-8.325,0.152765047357266,3.31462296186189,-5.01037703813811
2020-02-11 12:24:11.621,9855.5,1000,Short,-1000,-0.101466186393384,0,1000,0,0,-8.325,0,3.31462296186189,-5.01037703813811
2020-02-12 08:42:56.021,10284.5,1000,Long,0,0,0,0,0,0,-8.325,-43.5289939627619,-40.2143710009,-48.5393710009
2020-02-13 07:10:01.885,10529.5,1000,Short,-1000,-0.094971271190465,0,1000,0,0,-8.325,0,-40.2143710009,-48.5393710009
2020-02-13 07:57:55.259,10365.5,1000,Long,0,0,0,0,0,0,-8.325,15.5752884752363,-24.6390825256637,-32.9640825256637
2020-02-13 08:09:27.487,10321.5,1000,Long,1000,0.096885142663373,0,1000,0,0,-8.325,0,-24.6390825256637,-32.9640825256637
2020-02-13 13:32:53.472,10300.5,1000,Short,0,0,0,0,0,0,-8.325,-2.03458799593083,-26.6736705215945,-34.9986705215945
2020-02-13 13:36:12.648,10357.5,1000,Short,-1000,-0.096548394882935,0,1000,0,0,-8.325,0,-26.6736705215945,-34.9986705215945
2020-02-13 17:17:56.643,10152.5,1000,Long,0,0,0,0,0,0,-8.325,19.7924209510017,-6.88124957059283,-15.2062495705928
2020-02-14 07:38:28.597,10126.5,1000,Long,1000,0.098750802350269,0,1000,0,0,-8.325,0,-6.88124957059283,-15.2062495705928
2020-02-14 10:29:18.344,10275.5,1000,Short,0,0,0,0,0,0,-8.325,14.7138695501901,7.8326199795973,-0.492380020402697
2020-02-14 18:48:43.010,10363.5,1000,Short,-1000,-0.096492497708303,0,1000,0,0,-8.325,0,7.8326199795973,-0.492380020402697
2020-02-15 01:57:21.434,10259.5,1000,Long,0,0,0,0,0,0,-8.325,10.0352197616635,17.8678397412608,9.54283974126084
2020-02-15 01:58:04.150,10214.5,1000,Long,1000,0.09790004405502,0,1000,0,0,-8.325,0,17.8678397412608,9.54283974126084
2020-02-16 02:30:16.360,9969.5,1000,Short,0,0,0,0,0,0,-8.325,-23.9855107934799,-6.11767105221906,-14.4426710522191
2020-02-16 02:47:06.883,10000.5,1000,Short,-1000,-0.099995000249988,0,1000,0,0,-8.325,0,-6.11767105221906,-14.4426710522191
2020-02-16 11:09:56.631,9913.5,1000,Long,0,0,0,0,0,0,-8.325,8.69956502174894,2.58189396952988,-5.74310603047012
2020-02-16 16:18:33.795,9817.5,1000,Long,1000,0.101858925388337,0,1000,0,0,-8.325,0,2.58189396952988,-5.74310603047012
2020-02-16 22:58:50.918,9874.5,1000,Short,0,0,0,0,0,0,-8.325,5.80595874713514,8.38785271666502,0.06285271666502
2020-02-16 23:05:43.324,9923.5,1000,Short,-1000,-0.100770897364841,0,1000,0,0,-8.325,0,8.38785271666502,0.06285271666502
2020-02-17 04:14:08.353,9772.5,1000,Long,0,0,0,0,0,0,-8.325,15.216405502091,23.604258218756,15.279258218756
2020-02-17 11:16:27.513,9687.5,1000,Long,1000,0.103225806451613,0,1000,0,0,-8.325,0,23.604258218756,15.279258218756
2020-02-17 16:43:51.934,9698.5,1000,Short,0,0,0,0,0,0,-8.325,1.13548387096769,24.7397420897237,16.4147420897237
2020-02-18 15:24:27.330,9846.5,1000,Short,-1000,-0.101558929568882,0,1000,0,0,-8.325,0,24.7397420897237,16.4147420897237
2020-02-19 06:56:11.771,10104.5,1000,Long,0,0,0,0,0,0,-8.325,-26.2022038287718,-1.46246173904807,-9.78746173904807
2020-02-19 12:00:34.640,10240.5,1000,Short,-1000,-0.097651481861237,0,1000,0,0,-8.325,0,-1.46246173904807,-9.78746173904807
2020-02-19 12:18:43.859,10085.5,1000,Long,0,0,0,0,0,0,-8.325,15.1359796884917,13.6735179494436,5.34851794944362
2020-02-19 17:24:38.411,10258.5,1000,Short,-1000,-0.097480138421797,0,1000,0,0,-8.325,0,13.6735179494436,5.34851794944362
2020-02-19 20:45:57.412,10109.5,1000,Long,0,0,0,0,0,0,-8.325,14.5245406248477,28.1980585742913,19.8730585742913
2020-02-19 21:33:08.188,10054.5,1000,Long,1000,0.099457954149883,0,1000,0,0,-8.325,0,28.1980585742913,19.8730585742913
2020-02-19 21:52:19.259,9508,1850,Short,-850,-0.089398401346235,-0.00075,850,0,-1.3875,-9.7125,-54.3537719429112,-26.1557133686199,-35.8682133686199
2020-02-20 10:21:16.541,9636.5,1000,Short,-1850,-0.191978415399782,0,1850,-11.4876945729912,0,-9.7125,0,-26.1557133686199,-47.3559079416111
2020-02-20 10:21:16.541,9640,1850,Long,0,0,-0.00075,0,0,-1.3875,-11.1,-12.1637913852161,-38.319504753836,-49.419504753836
2020-02-20 16:38:16.546,9505.5,1000,Long,1000,0.105202251328178,0,1000,0,0,-11.1,0,-38.319504753836,-49.419504753836
2020-02-20 16:46:26.525,9637.5,1000,Short,0,0,0,0,0,0,-11.1,13.8866971753196,-24.4328075785164,-35.5328075785164
2020-02-20 16:48:51.148,9672.5,1000,Short,-1000,-0.103385887826312,0,1000,0,0,-11.1,0,-24.4328075785164,-35.5328075785164
2020-02-20 17:28:06.050,9530.5,1000,Long,0,0,0,0,0,0,-11.1,14.6807960713363,-9.7520115071801,-20.8520115071801
2020-02-20 17:28:49.898,9493.5,1000,Long,1000,0.105335229367462,0,1000,0,0,-11.1,0,-9.7520115071801,-20.8520115071801
2020-02-20 22:15:04.265,9640.5,1000,Short,0,0,0,0,0,0,-11.1,15.4842787170169,5.73226720983677,-5.36773279016323
2020-02-21 20:02:11.668,9618.5,1000,Long,1000,0.103966314913968,0,1000,0,0,-11.1,0,5.73226720983677,-5.36773279016323
2020-02-22 17:01:42.208,9692.5,1000,Short,0,0,0,0,0,0,-11.1,7.69350730363351,13.4257745134703,2.32577451347028
2020-02-23 03:45:16.192,9763.5,1000,Short,-1000,-0.102422287089671,0,1000,0,0,-11.1,0,13.4257745134703,2.32577451347028
2020-02-24 02:36:46.958,9867.5,1000,Long,0,0,0,0,0,0,-11.1,-10.6519178573258,2.7738566561445,-8.3261433438555
2020-02-24 02:37:16.107,9825.5,1000,Long,1000,0.101775991043713,0,1000,0,0,-11.1,0,2.7738566561445,-8.3261433438555
2020-02-24 12:04:57.857,9837.5,1000,Short,0,0,0,0,0,0,-11.1,1.22131189252458,3.99516854866908,-7.10483145133092
2020-02-24 16:50:42.908,9659.5,1000,Long,1000,0.10352502717532,0,1000,0,0,-11.1,0,3.99516854866908,-7.10483145133092
2020-02-25 11:55:26.012,9628.5,1000,Short,0,0,0,0,0,0,-11.1,-3.20927584243485,0.785892706234232,-10.3141072937658
2020-02-25 12:01:27.749,9667.5,1000,Short,-1000,-0.103439358675976,0,1000,0,0,-11.1,0,0.785892706234232,-10.3141072937658
2020-02-25 14:20:36.170,9507.5,1000,Long,0,0,0,0,0,0,-11.1,16.5502973881562,17.3361900943905,6.23619009439046
2020-02-25 14:21:03.937,9465.5,1000,Long,1000,0.105646822671808,0,1000,0,0,-11.1,0,17.3361900943905,6.23619009439046
2020-02-26 12:15:23.824,9212.5,1000,Short,0,0,0,0,0,0,-11.1,-26.7286461359675,-9.39245604157707,-20.4924560415771
2020-02-26 12:35:04.528,9253.5,1000,Short,-1000,-0.108067217809477,0,1000,0,0,-11.1,0,-9.39245604157707,-20.4924560415771
2020-02-26 13:54:57.089,9105.5,1000,Long,0,0,0,0,0,0,-11.1,15.9939482358026,6.60149219422558,-4.49850780577442
2020-02-26 13:56:46.147,9063.5,1000,Long,1000,0.11033265294864,0,1000,0,0,-11.1,0,6.60149219422558,-4.49850780577442
2020-02-27 06:08:14.936,8774.5,1000,Short,0,0,0,0,0,0,-11.1,-31.8861367021571,-25.2846445079315,-36.3846445079315
2020-02-27 12:18:17.189,8908.5,1000,Short,-1000,-0.112252343267666,0,1000,0,0,-11.1,0,-25.2846445079315,-36.3846445079315
2020-02-27 21:30:54.777,8820.5,1000,Long,0,0,0,0,0,0,-11.1,9.87820620755457,-15.406438300377,-26.5064383003769
2020-02-27 21:39:16.171,8778.5,1000,Long,1000,0.113914677906248,0,1000,0,0,-11.1,0,-15.406438300377,-26.5064383003769
2020-02-28 13:37:03.920,8679.5,1000,Short,0,0,0,0,0,0,-11.1,-11.2775531127185,-26.6839914130955,-37.7839914130955
2020-02-28 22:40:14.265,8766.5,1000,Short,-1000,-0.114070609707409,0,1000,0,0,-11.1,0,-26.6839914130955,-37.7839914130955
2020-02-29 10:49:04.194,8688.5,1000,Long,0,0,0,0,0,0,-11.1,8.897507557178,-17.7864838559175,-28.8864838559175
2020-02-29 10:58:43.731,8647.5,1000,Long,1000,0.115640358485111,0,1000,0,0,-11.1,0,-17.7864838559175,-28.8864838559175
2020-03-01 11:45:29.379,8636.5,1000,Short,0,0,0,0,0,0,-11.1,-1.27204394333626,-19.0585277992538,-30.1585277992538
2020-03-01 12:00:43.498,8677.5,1000,Short,-1000,-0.115240564678767,0,1000,0,0,-11.1,0,-19.0585277992538,-30.1585277992538
2020-03-01 16:32:52.831,8520.5,1000,Long,0,0,0,0,0,0,-11.1,18.0927686545665,-0.965759144687301,-12.0657591446873
2020-03-01 16:34:41.797,8469.5,1000,Long,1000,0.118070724363894,0,1000,0,0,-11.1,0,-0.965759144687301,-12.0657591446873
2020-03-01 22:47:48.864,8577.5,1000,Short,0,0,0,0,0,0,-11.1,12.7516382313005,11.7858790866132,0.685879086613193
2020-03-02 02:56:51.243,8650.5,1000,Short,-1000,-0.11560025432056,0,1000,0,0,-11.1,0,11.7858790866132,0.685879086613193
2020-03-03 02:00:29.275,8828.5,1000,Long,0,0,0,0,0,0,-11.1,-20.5768452690596,-8.79096618244638,-19.8909661824464
2020-03-03 07:07:21.091,8761.5,1000,Long,1000,0.114135707356046,0,1000,0,0,-11.1,0,-8.79096618244638,-19.8909661824464
2020-03-03 12:02:48.719,8895.5,1000,Short,0,0,0,0,0,0,-11.1,15.2941847857103,6.50321860326387,-4.59678139673613
2020-03-03 15:15:43.139,8687.5,1000,Long,1000,0.115107913669065,0,1000,0,0,-11.1,0,6.50321860326387,-4.59678139673613
2020-03-03 22:40:24.373,8797.5,1000,Short,0,0,0,0,0,0,-11.1,12.661870503597,19.1650891068609,8.06508910686091
2020-03-05 00:36:12.860,8824.5,1000,Short,-1000,-0.113320868037849,0,1000,0,0,-11.1,0,19.1650891068609,8.06508910686091
2020-03-06 00:46:18.987,9041.5,1000,Long,0,0,0,0,0,0,-11.1,-24.5906283642133,-5.42553925735235,-16.5255392573523
2020-03-06 00:55:12.912,9003.5,1000,Long,1000,0.111067918031876,0,1000,0,0,-11.1,0,-5.42553925735235,-16.5255392573523
2020-03-06 07:32:01.148,9145.5,1000,Short,0,0,0,0,0,0,-11.1,15.7716443605265,10.3461051031742,-0.753894896825827
2020-03-07 16:38:32.781,9187.5,1000,Short,-1000,-0.108843537414966,0,1000,0,0,-11.1,0,10.3461051031742,-0.753894896825827
2020-03-07 16:42:07.412,9071.5,1000,Long,0,0,0,0,0,0,-11.1,12.625850340136,22.9719554433102,11.8719554433102
2020-03-07 16:42:41.236,9042.5,1000,Long,1000,0.110588885816975,0,1000,0,0,-11.1,0,22.9719554433102,11.8719554433102
2020-03-08 15:37:00.036,8351.5,1850,Short,-850,-0.101778123690355,-0.00075,850,0,-1.3875,-12.4875,-76.4169200995299,-53.4449646562197,-65.9324646562197
2020-03-09 08:44:33.045,7986,1850,Long,1000,0.125219133483596,-0.00075,1000,0,-1.3875,-13.875,37.1999042088247,-16.245060447395,-30.120060447395
2020-03-09 08:46:13.039,7989.5,1000,Short,0,0,0,0,0,0,-13.875,0.438266967192483,-15.8067934802025,-29.6817934802025
2020-03-09 15:09:02.916,7663.5,1000,Long,1000,0.130488680107001,0,1000,0,0,-13.875,0,-15.8067934802025,-29.6817934802025
2020-03-09 16:32:32.848,7837.5,1000,Short,0,0,0,0,0,0,-13.875,22.705030338618,6.89823685841555,-6.97676314158445
