timestamp,price_start,price_max,price_min,price_end
2020-01-01 00:00:00,7162.5,7220.0,7153.0,7201.5
2020-01-01 04:00:00,7202.0,7209.0,7176.0,7183.5
2020-01-01 08:00:00,7183.0,7214.0,7155.0,7172.5
2020-01-01 12:00:00,7173.0,7234.5,7172.5,7210.5
2020-01-01 16:00:00,7210.0,7230.5,7196.0,7208.5
2020-01-01 20:00:00,7209.0,7220.0,7155.0,7179.0
2020-01-02 00:00:00,7178.5,7183.0,7092.0,7096.5
2020-01-02 04:00:00,7096.0,7126.0,7070.5,7077.5
2020-01-02 08:00:00,7078.0,7150.0,7077.5,7115.5
2020-01-02 12:00:00,7116.0,7135.5,7075.5,7104.5
2020-01-02 16:00:00,7105.0,7118.0,6905.5,6956.5
2020-01-02 20:00:00,6957.0,6962.0,6918.0,6942.0
2020-01-03 00:00:00,6942.5,6944.0,6855.0,6929.5
2020-01-03 04:00:00,6929.0,7290.0,6929.0,7190.0
2020-01-03 08:00:00,7190.5,7362.5,7190.0,7330.5
2020-01-03 12:00:00,7331.0,7377.0,7234.5,7312.0
2020-01-03 16:00:00,7312.5,7412.0,7276.0,7331.0
2020-01-03 20:00:00,7330.5,7352.0,7250.0,7335.0
2020-01-04 00:00:00,7334.5,7342.5,7273.5,7326.0
2020-01-04 04:00:00,7325.5,7363.0,7302.5,7338.5
2020-01-04 08:00:00,7338.0,7359.0,7288.5,7324.5
2020-01-04 12:00:00,7324.0,7324.5,7277.5,7306.5
2020-01-04 16:00:00,7306.0,7399.0,7258.5,7321.5
2020-01-04 20:00:00,7322.0,7353.5,7303.0,7345.0
2020-01-05 00:00:00,7344.5,7480.0,7344.5,7471.5
2020-01-05 04:00:00,7472.0,7494.0,7444.0,7460.5
2020-01-05 08:00:00,7460.0,7469.0,7405.5,7423.0
2020-01-05 12:00:00,7423.5,7471.0,7413.0,7460.0
2020-01-05 16:00:00,7459.5,7475.0,7420.5,7435.5
2020-01-05 20:00:00,7435.0,7435.5,7310.0,7350.5
2020-01-06 00:00:00,7351.0,7580.0,7341.5,7539.0
2020-01-06 04:00:00,7539.5,7548.5,7495.0,7505.5
2020-01-06 08:00:00,7505.0,7571.0,7502.5,7531.5
2020-01-06 12:00:00,7532.0,7613.0,7490.0,7515.5
2020-01-06 16:00:00,7516.0,7550.0,7506.0,7535.5
2020-01-06 20:00:00,7536.0,7799.0,7526.0,7756.5
2020-01-07 00:00:00,7757.0,8014.0,7756.5,7898.0
2020-01-07 04:00:00,7898.5,7905.5,7825.0,7880.0
2020-01-07 08:00:00,7879.5,7963.5,7856.5,7892.5
2020-01-07 12:00:00,7892.0,7909.5,7755.5,7769.5
2020-01-07 16:00:00,7770.0,8127.0,7740.5,8076.0
2020-01-07 20:00:00,8076.5,8214.5,7956.0,8155.5
2020-01-08 00:00:00,8156.0,8462.5,8151.0,8305.0
2020-01-08 04:00:00,8305.5,8378.0,8283.5,8302.5
2020-01-08 08:00:00,8303.0,8372.5,8273.0,8337.0
2020-01-08 12:00:00,8336.5,8417.5,8201.5,8304.5
2020-01-08 16:00:00,8304.0,8330.0,7962.0,7962.5
2020-01-08 20:00:00,7962.0,8107.0,7880.0,8046.0
2020-01-09 00:00:00,8045.5,8046.0,7931.5,7951.5
2020-01-09 04:00:00,7951.0,7976.5,7907.0,7947.5
2020-01-09 08:00:00,7947.0,7953.5,7855.0,7875.0
2020-01-09 12:00:00,7875.5,7954.5,7868.0,7901.5
2020-01-09 16:00:00,7901.0,7945.0,7784.0,7917.5
2020-01-09 20:00:00,7917.0,7997.5,7740.5,7810.5
2020-01-10 00:00:00,7811.0,7841.0,7766.0,7806.0
2020-01-10 04:00:00,7805.5,7806.0,7712.0,7740.5
2020-01-10 08:00:00,7740.0,7841.5,7682.0,7829.0
2020-01-10 12:00:00,7828.5,8084.0,7807.5,8065.0
2020-01-10 16:00:00,8065.5,8140.0,7915.0,8067.5
2020-01-10 20:00:00,8067.0,8204.0,7991.5,8204.0
2020-01-11 00:00:00,8204.5,8259.0,8135.5,8169.5
2020-01-11 04:00:00,8169.0,8182.5,8061.5,8075.0
2020-01-11 08:00:00,8074.5,8125.0,8015.5,8040.0
2020-01-11 12:00:00,8039.5,8110.0,8018.0,8095.0
2020-01-11 16:00:00,8095.5,8211.0,8063.0,8154.0
2020-01-11 20:00:00,8153.5,8295.0,8006.5,8023.5
2020-01-12 00:00:00,8023.0,8110.0,7955.0,8081.0
2020-01-12 04:00:00,8080.5,8144.0,8073.0,8094.0
2020-01-12 08:00:00,8093.5,8159.0,8086.0,8104.5
2020-01-12 12:00:00,8104.0,8179.0,8104.0,8149.5
2020-01-12 16:00:00,8150.0,8196.0,8074.5,8123.5
2020-01-12 20:00:00,8123.0,8189.0,8090.0,8187.0
2020-01-13 00:00:00,8186.5,8200.0,8083.5,8101.0
2020-01-13 04:00:00,8101.5,8113.0,8050.5,8069.0
2020-01-13 08:00:00,8069.5,8123.0,8056.0,8070.0
2020-01-13 12:00:00,8069.5,8105.0,8033.5,8075.5
2020-01-13 16:00:00,8075.0,8118.5,8066.0,8105.0
2020-01-13 20:00:00,8104.5,8158.0,8100.5,8104.5
2020-01-14 00:00:00,8104.0,8487.5,8104.0,8474.0
2020-01-14 04:00:00,8474.5,8588.5,8462.5,8511.0
2020-01-14 08:00:00,8511.5,8559.0,8473.0,8528.0
2020-01-14 12:00:00,8527.5,8770.0,8465.0,8694.0
2020-01-14 16:00:00,8695.0,8866.0,8529.5,8787.0
2020-01-14 20:00:00,8786.5,8900.0,8686.0,8835.5
2020-01-15 00:00:00,8835.0,8916.5,8712.0,8727.0
2020-01-15 04:00:00,8726.5,8732.5,8578.0,8614.0
2020-01-15 08:00:00,8613.5,8794.5,8595.0,8722.0
2020-01-15 12:00:00,8721.5,8896.5,8713.5,8752.5
2020-01-15 16:00:00,8753.0,8807.5,8676.0,8756.5
2020-01-15 20:00:00,8757.0,8874.0,8727.5,8816.5
2020-01-16 00:00:00,8817.0,8854.0,8585.5,8636.0
2020-01-16 04:00:00,8635.5,8713.5,8618.0,8670.0
2020-01-16 08:00:00,8669.5,8727.0,8593.0,8716.5
2020-01-16 12:00:00,8717.0,8774.0,8637.5,8706.5
2020-01-16 16:00:00,8707.0,8712.0,8615.0,8694.5
2020-01-16 20:00:00,8694.0,8757.5,8654.0,8719.0
2020-01-17 00:00:00,8719.5,8833.0,8670.5,8778.5
2020-01-17 04:00:00,8778.0,9011.5,8760.0,8935.0
2020-01-17 08:00:00,8935.5,9021.0,8879.0,8895.5
2020-01-17 12:00:00,8895.0,8903.0,8767.0,8839.5
2020-01-17 16:00:00,8840.0,8945.0,8790.0,8863.5
2020-01-17 20:00:00,8864.0,8955.0,8854.5,8901.0
2020-01-18 00:00:00,8900.5,8984.0,8872.5,8923.5
2020-01-18 04:00:00,8924.0,8924.0,8810.0,8845.5
2020-01-18 08:00:00,8846.0,8907.0,8825.0,8865.0
2020-01-18 12:00:00,8864.5,8959.5,8864.5,8898.0
2020-01-18 16:00:00,8897.5,8930.0,8842.5,8901.0
2020-01-18 20:00:00,8901.5,8965.0,8897.5,8916.5
2020-01-19 00:00:00,8916.0,9190.0,8887.0,9149.0
2020-01-19 04:00:00,9148.5,9155.0,9039.0,9078.0
2020-01-19 08:00:00,9077.5,9113.0,8430.0,8665.5
2020-01-19 12:00:00,8666.0,8666.0,8560.5,8629.5
2020-01-19 16:00:00,8630.0,8660.0,8613.5,8644.5
2020-01-19 20:00:00,8644.0,8750.0,8451.0,8700.5
2020-01-20 00:00:00,8701.0,8729.5,8632.0,8660.0
2020-01-20 04:00:00,8659.5,8680.5,8625.0,8646.0
2020-01-20 08:00:00,8645.5,8673.5,8586.0,8610.5
2020-01-20 12:00:00,8611.0,8670.0,8516.0,8663.0
2020-01-20 16:00:00,8663.5,8687.0,8637.0,8659.5
2020-01-20 20:00:00,8659.0,8739.0,8602.5,8632.5
2020-01-21 00:00:00,8633.0,8664.0,8611.0,8655.0
2020-01-21 04:00:00,8654.5,8680.5,8616.5,8625.5
2020-01-21 08:00:00,8626.0,8678.0,8587.5,8646.0
2020-01-21 12:00:00,8646.5,8666.5,8627.0,8632.0
2020-01-21 16:00:00,8631.5,8649.0,8455.0,8512.0
2020-01-21 20:00:00,8511.5,8772.5,8511.5,8727.5
2020-01-22 00:00:00,8728.0,8748.5,8691.5,8707.5
2020-01-22 04:00:00,8708.0,8796.5,8687.0,8713.0
2020-01-22 08:00:00,8713.5,8717.0,8603.5,8638.5
2020-01-22 12:00:00,8639.0,8654.5,8614.5,8636.0
2020-01-22 16:00:00,8636.5,8678.0,8552.0,8646.5
2020-01-22 20:00:00,8647.0,8665.0,8633.0,8664.5
2020-01-23 00:00:00,8665.0,8669.5,8540.0,8566.0
2020-01-23 04:00:00,8566.5,8580.0,8472.0,8560.0
2020-01-23 08:00:00,8559.5,8596.0,8372.0,8396.5
2020-01-23 12:00:00,8396.0,8475.0,8306.0,8338.0
2020-01-23 16:00:00,8337.5,8352.5,8283.5,8343.5
2020-01-23 20:00:00,8344.0,8425.0,8327.5,8392.0
2020-01-24 00:00:00,8392.5,8399.5,8277.5,8311.0
2020-01-24 04:00:00,8310.5,8338.0,8286.5,8325.0
2020-01-24 08:00:00,8324.5,8396.0,8223.5,8392.5
2020-01-24 12:00:00,8393.0,8499.0,8362.0,8489.5
2020-01-24 16:00:00,8490.0,8515.0,8438.0,8490.0
2020-01-24 20:00:00,8490.5,8508.5,8394.5,8425.5
2020-01-25 00:00:00,8426.0,8427.5,8251.0,8279.0
2020-01-25 04:00:00,8278.5,8329.5,8265.0,8293.0
2020-01-25 08:00:00,8292.5,8363.5,8286.0,8296.0
2020-01-25 12:00:00,8295.5,8343.5,8280.0,8321.5
2020-01-25 16:00:00,8322.0,8355.5,8314.5,8346.0
2020-01-25 20:00:00,8346.5,8400.0,8322.5,8326.0
2020-01-26 00:00:00,8326.5,8353.0,8286.0,8347.5
2020-01-26 04:00:00,8348.0,8386.5,8326.0,8372.0
2020-01-26 08:00:00,8372.5,8490.0,8364.0,8460.5
2020-01-26 12:00:00,8460.0,8466.5,8424.0,8433.0
2020-01-26 16:00:00,8432.5,8587.5,8432.5,8550.5
2020-01-26 20:00:00,8550.0,8599.5,8542.5,8597.5
2020-01-27 00:00:00,8598.0,8685.0,8597.5,8645.5
2020-01-27 04:00:00,8645.0,8659.5,8613.0,8640.0
2020-01-27 08:00:00,8639.5,8741.0,8566.0,8719.5
2020-01-27 12:00:00,8720.0,8775.5,8687.5,8754.0
2020-01-27 16:00:00,8753.5,8975.0,8736.5,8917.0
2020-01-27 20:00:00,8916.5,8994.5,8879.5,8900.0
2020-01-28 00:00:00,8899.5,9150.0,8899.5,9105.0
2020-01-28 04:00:00,9104.5,9136.0,8952.5,9037.0
2020-01-28 08:00:00,9037.5,9108.5,8922.5,9068.0
2020-01-28 12:00:00,9067.5,9199.0,8958.0,9011.0
2020-01-28 16:00:00,9010.5,9029.0,8886.0,8994.0
2020-01-28 20:00:00,8993.5,9434.0,8993.5,9400.0
2020-01-29 00:00:00,9400.5,9440.0,9285.0,9352.0
2020-01-29 04:00:00,9352.5,9398.5,9324.5,9364.0
2020-01-29 08:00:00,9364.5,9429.0,9235.0,9290.5
2020-01-29 12:00:00,9290.0,9366.0,9252.0,9279.5
2020-01-29 16:00:00,9280.0,9402.5,9260.0,9378.0
2020-01-29 20:00:00,9377.5,9437.0,9275.0,9294.5
2020-01-30 00:00:00,9294.0,9327.5,9190.5,9257.5
2020-01-30 04:00:00,9257.0,9383.5,9257.0,9379.5
2020-01-30 08:00:00,9380.0,9395.0,9300.0,9330.0
2020-01-30 12:00:00,9330.5,9416.5,9301.5,9368.0
2020-01-30 16:00:00,9367.5,9556.0,9052.0,9490.5
2020-01-30 20:00:00,9491.0,9579.0,9465.0,9510.0
2020-01-31 00:00:00,9509.5,9528.0,9391.0,9426.0
2020-01-31 04:00:00,9425.5,9430.0,9311.0,9359.0
2020-01-31 08:00:00,9358.5,9385.5,9262.5,9315.0
2020-01-31 12:00:00,9315.5,9315.5,9205.0,9313.0
2020-01-31 16:00:00,9313.5,9334.0,9242.0,9284.0
2020-01-31 20:00:00,9283.5,9417.5,9283.5,9339.5
2020-02-01 00:00:00,9339.0,9464.0,9337.5,9422.0
2020-02-01 04:00:00,9421.5,9449.0,9385.0,9424.0
2020-02-01 08:00:00,9423.5,9426.0,9327.0,9344.0
2020-02-01 12:00:00,9344.5,9366.5,9287.5,9328.5
2020-02-01 16:00:00,9329.0,9415.0,9320.5,9348.0
2020-02-01 20:00:00,9347.5,9406.5,9338.5,9382.0
2020-02-02 00:00:00,9382.5,9382.5,9242.5,9262.0
2020-02-02 04:00:00,9262.5,9389.0,9113.0,9368.0
2020-02-02 08:00:00,9368.5,9456.0,9346.5,9427.5
2020-02-02 12:00:00,9427.0,9483.5,9367.5,9457.0
2020-02-02 16:00:00,9456.5,9470.0,9404.0,9447.0
2020-02-02 20:00:00,9446.5,9460.0,9300.0,9325.0
2020-02-03 00:00:00,9324.5,9619.0,9242.0,9369.5
2020-02-03 04:00:00,9370.0,9414.5,9338.0,9357.0
2020-02-03 08:00:00,9356.5,9380.0,9289.0,9329.5
2020-02-03 12:00:00,9329.0,9352.5,9263.0,9268.0
2020-02-03 16:00:00,9268.5,9323.5,9220.0,9309.0
2020-02-03 20:00:00,9308.5,9336.5,9241.0,9282.0
2020-02-04 00:00:00,9282.5,9348.0,9252.0,9276.5
2020-02-04 04:00:00,9277.0,9320.0,9210.0,9270.0
2020-02-04 08:00:00,9269.5,9287.0,9080.0,9180.0
2020-02-04 12:00:00,9180.5,9215.0,9090.0,9185.5
2020-02-04 16:00:00,9186.0,9216.5,9153.5,9154.5
2020-02-04 20:00:00,9154.0,9194.0,9127.5,9166.0
2020-02-05 00:00:00,9166.5,9232.0,9157.0,9213.5
2020-02-05 04:00:00,9213.0,9280.0,9195.0,9251.5
2020-02-05 08:00:00,9251.0,9420.0,9225.0,9410.0
2020-02-05 12:00:00,9409.5,9511.5,9409.5,9485.5
2020-02-05 16:00:00,9485.0,9779.0,9480.0,9675.0
2020-02-05 20:00:00,9674.5,9735.0,9607.0,9630.0
2020-02-06 00:00:00,9629.5,9650.0,9530.0,9632.0
2020-02-06 04:00:00,9631.5,9690.0,9584.0,9622.5
2020-02-06 08:00:00,9623.0,9698.0,9584.5,9689.0
2020-02-06 12:00:00,9689.5,9869.0,9643.5,9789.0
2020-02-06 16:00:00,9788.5,9839.0,9713.5,9738.5
2020-02-06 20:00:00,9739.0,9791.0,9662.5,9763.0
2020-02-07 00:00:00,9763.5,9854.5,9750.5,9772.0
2020-02-07 04:00:00,9772.5,9814.0,9730.5,9793.5
2020-02-07 08:00:00,9794.0,9890.0,9760.0,9796.0
2020-02-07 12:00:00,9796.5,9828.5,9713.0,9793.0
2020-02-07 16:00:00,9792.5,9828.0,9744.0,9758.0
2020-02-07 20:00:00,9758.5,9825.0,9723.0,9815.0
2020-02-08 00:00:00,9815.5,9820.0,9665.5,9712.0
2020-02-08 04:00:00,9711.5,9784.0,9703.5,9758.5
2020-02-08 08:00:00,9758.0,9860.5,9758.0,9829.5
2020-02-08 12:00:00,9829.0,9900.0,9753.5,9847.0
2020-02-08 16:00:00,9847.5,9899.0,9823.0,9865.0
2020-02-08 20:00:00,9865.5,9957.5,9842.0,9908.0
2020-02-09 00:00:00,9908.5,10068.5,9899.0,10059.0
2020-02-09 04:00:00,10059.5,10185.5,10059.0,10143.5
2020-02-09 08:00:00,10143.0,10161.5,10068.0,10122.5
2020-02-09 12:00:00,10122.0,10164.5,10012.0,10117.0
2020-02-09 16:00:00,10117.5,10132.5,10065.5,10082.0
2020-02-09 20:00:00,10082.5,10178.0,10060.5,10172.5
2020-02-10 00:00:00,10173.0,10199.0,10052.5,10095.0
2020-02-10 04:00:00,10095.5,10107.5,9715.5,9991.5
2020-02-10 08:00:00,9991.0,9991.5,9755.5,9805.5
2020-02-10 12:00:00,9805.0,9922.0,9772.5,9869.5
2020-02-10 16:00:00,9869.0,9889.0,9791.0,9827.5
2020-02-10 20:00:00,9827.0,9901.0,9822.5,9862.5
2020-02-11 00:00:00,9862.0,9865.0,9725.5,9745.0
2020-02-11 04:00:00,9745.5,9789.5,9725.0,9744.0
2020-02-11 08:00:00,9743.5,9809.5,9735.5,9802.0
2020-02-11 12:00:00,9802.5,10261.5,9799.5,10224.5
2020-02-11 16:00:00,10225.0,10400.0,10224.5,10301.0
2020-02-11 20:00:00,10300.5,10314.5,10240.0,10286.0
2020-02-12 00:00:00,10286.5,10371.0,10270.0,10308.5
2020-02-12 04:00:00,10309.0,10500.0,10308.5,10410.5
2020-02-12 08:00:00,10411.0,10411.0,10257.0,10373.5
2020-02-12 12:00:00,10373.0,10447.5,10285.5,10347.5
2020-02-12 16:00:00,10347.0,10390.0,10327.0,10329.0
2020-02-12 20:00:00,10328.5,10449.0,10328.5,10363.0
2020-02-13 00:00:00,10363.5,10474.5,10345.5,10415.5
2020-02-13 04:00:00,10415.0,10532.0,10351.5,10363.0
2020-02-13 08:00:00,10362.5,10385.5,10075.0,10151.0
2020-02-13 12:00:00,10150.5,10550.0,10112.5,10268.5
2020-02-13 16:00:00,10269.0,10300.0,10129.5,10257.0
2020-02-13 20:00:00,10256.5,10267.5,10184.0,10241.0
2020-02-14 00:00:00,10241.5,10294.0,10187.5,10257.5
2020-02-14 04:00:00,10257.0,10276.0,10120.0,10127.0
2020-02-14 08:00:00,10126.5,10314.0,10119.0,10274.5
2020-02-14 12:00:00,10274.0,10359.0,10229.5,10265.0
2020-02-14 16:00:00,10264.5,10389.0,10257.0,10352.5
2020-02-14 20:00:00,10352.0,10393.0,10294.5,10369.5
2020-02-15 00:00:00,10369.0,10402.5,10180.5,10280.5
2020-02-15 04:00:00,10280.0,10290.0,10211.5,10237.0
2020-02-15 08:00:00,10237.5,10275.0,10217.0,10233.5
2020-02-15 12:00:00,10233.0,10252.0,9731.0,9977.5
2020-02-15 16:00:00,9977.0,10095.0,9824.5,9900.0
2020-02-15 20:00:00,9900.5,9936.0,9875.5,9907.0
2020-02-16 00:00:00,9906.5,10049.0,9862.0,10005.5
2020-02-16 04:00:00,10006.0,10025.0,9940.0,9970.0
2020-02-16 08:00:00,9970.5,10019.0,9911.0,9928.5
2020-02-16 12:00:00,9928.0,9987.0,9843.0,9883.5
2020-02-16 16:00:00,9883.0,9930.0,9642.0,9765.0
2020-02-16 20:00:00,9765.5,10017.5,9740.5,9934.0
2020-02-17 00:00:00,9934.5,9970.0,9784.0,9828.0
2020-02-17 04:00:00,9827.5,9839.5,9732.0,9772.5
2020-02-17 08:00:00,9772.0,9852.5,9580.0,9648.5
2020-02-17 12:00:00,9649.0,9706.5,9485.0,9660.5
2020-02-17 16:00:00,9660.0,9733.0,9605.5,9683.5
2020-02-17 20:00:00,9683.0,9724.0,9619.0,9715.0
2020-02-18 00:00:00,9714.5,9768.5,9645.0,9731.5
2020-02-18 04:00:00,9732.0,9833.0,9732.0,9817.0
2020-02-18 08:00:00,9816.5,9817.0,9660.0,9732.0
2020-02-18 12:00:00,9732.5,9899.0,9621.0,9863.0
2020-02-18 16:00:00,9863.5,10075.0,9855.5,10068.0
2020-02-18 20:00:00,10068.5,10300.0,10068.0,10195.5
2020-02-19 00:00:00,10196.0,10220.0,10126.5,10175.0
2020-02-19 04:00:00,10175.5,10193.5,10067.0,10088.5
2020-02-19 08:00:00,10088.0,10236.0,10054.0,10236.0
2020-02-19 12:00:00,10235.5,10274.0,10067.0,10143.5
2020-02-19 16:00:00,10143.0,10331.0,10113.5,10171.5
2020-02-19 20:00:00,10171.0,10175.0,9260.5,9596.5
2020-02-20 00:00:00,9596.0,9652.5,9491.0,9562.0
2020-02-20 04:00:00,9562.5,9618.5,9531.5,9600.5
2020-02-20 08:00:00,9600.0,9641.5,9549.5,9577.0
2020-02-20 12:00:00,9577.5,9619.0,9541.0,9583.0
2020-02-20 16:00:00,9583.5,9688.0,9354.0,9556.5
2020-02-20 20:00:00,9556.0,9658.5,9539.0,9607.5
2020-02-21 00:00:00,9608.0,9722.0,9578.0,9710.0
2020-02-21 04:00:00,9709.5,9738.0,9666.0,9691.0
2020-02-21 08:00:00,9691.5,9730.0,9625.0,9711.0
2020-02-21 12:00:00,9710.5,9788.0,9672.5,9734.5
2020-02-21 16:00:00,9735.0,9759.5,9682.5,9694.0
2020-02-21 20:00:00,9693.5,9735.0,9506.0,9694.0
2020-02-22 00:00:00,9693.5,9718.5,9651.0,9675.5
2020-02-22 04:00:00,9676.0,9676.0,9560.5,9606.0
2020-02-22 08:00:00,9606.5,9682.0,9605.5,9653.0
2020-02-22 12:00:00,9652.5,9680.0,9630.5,9651.5
2020-02-22 16:00:00,9651.0,9703.5,9627.0,9687.5
2020-02-22 20:00:00,9688.0,9717.0,9671.0,9675.5
2020-02-23 00:00:00,9675.0,9828.0,9674.5,9812.0
2020-02-23 04:00:00,9812.5,9960.0,9812.5,9919.0
2020-02-23 08:00:00,9918.5,10045.0,9845.5,9862.5
2020-02-23 12:00:00,9862.0,9932.5,9842.5,9894.0
2020-02-23 16:00:00,9893.5,9926.0,9882.0,9908.5
2020-02-23 20:00:00,9908.0,10010.0,9875.0,9966.0
2020-02-24 00:00:00,9966.5,10036.0,9580.0,9771.5
2020-02-24 04:00:00,9771.0,9776.5,9684.0,9765.0
2020-02-24 08:00:00,9764.5,9828.0,9700.0,9818.0
2020-02-24 12:00:00,9818.5,9845.0,9680.0,9719.0
2020-02-24 16:00:00,9718.5,9741.0,9480.0,9595.5
2020-02-24 20:00:00,9596.0,9672.0,9564.0,9660.5
2020-02-25 00:00:00,9660.0,9676.5,9576.0,9582.5
2020-02-25 04:00:00,9583.0,9610.0,9503.5,9528.0
2020-02-25 08:00:00,9528.5,9662.5,9511.5,9639.5
2020-02-25 12:00:00,9640.0,9697.5,9360.0,9393.0
2020-02-25 16:00:00,9393.5,9457.5,9282.0,9353.5
2020-02-25 20:00:00,9353.0,9426.5,9233.5,9317.0
2020-02-26 00:00:00,9316.5,9368.0,9105.0,9169.0
2020-02-26 04:00:00,9169.5,9215.0,9112.0,9145.0
2020-02-26 08:00:00,9145.5,9224.5,9087.0,9145.5
2020-02-26 12:00:00,9146.0,9283.5,8960.0,8992.5
2020-02-26 16:00:00,8993.0,9025.0,8580.0,8817.0
2020-02-26 20:00:00,8816.5,8846.5,8714.0,8780.0
2020-02-27 00:00:00,8780.5,8780.5,8523.0,8732.0
2020-02-27 04:00:00,8731.5,8818.0,8670.0,8812.0
2020-02-27 08:00:00,8811.5,8847.5,8738.5,8793.5
2020-02-27 12:00:00,8793.0,8942.0,8745.5,8847.0
2020-02-27 16:00:00,8846.5,8969.0,8846.5,8910.0
2020-02-27 20:00:00,8910.5,8912.5,8683.0,8820.0
2020-02-28 00:00:00,8819.5,8902.5,8783.5,8840.0
2020-02-28 04:00:00,8840.5,8860.0,8696.0,8732.5
2020-02-28 08:00:00,8732.0,8784.0,8539.0,8577.5
2020-02-28 12:00:00,8577.0,8733.0,8438.0,8718.5
2020-02-28 16:00:00,8719.0,8730.0,8500.0,8575.5
2020-02-28 20:00:00,8575.0,8822.5,8573.0,8717.5
2020-02-29 00:00:00,8718.0,8782.5,8685.0,8737.0
2020-02-29 04:00:00,8737.5,8806.5,8723.5,8774.0
2020-02-29 08:00:00,8773.5,8785.0,8630.0,8712.0
2020-02-29 12:00:00,8711.5,8716.0,8590.0,8673.0
2020-02-29 16:00:00,8673.5,8686.0,8609.0,8682.5
2020-02-29 20:00:00,8682.0,8682.5,8525.5,8531.5
2020-03-01 00:00:00,8532.0,8673.5,8512.5,8619.0
2020-03-01 04:00:00,8618.5,8625.0,8520.5,8540.5
2020-03-01 08:00:00,8540.0,8658.0,8515.0,8652.5
2020-03-01 12:00:00,8653.0,8769.0,8537.0,8558.0
2020-03-01 16:00:00,8557.5,8580.0,8400.0,8540.0
2020-03-01 20:00:00,8540.5,8588.0,8468.0,8532.5
2020-03-02 00:00:00,8533.0,8657.0,8490.0,8609.5
2020-03-02 04:00:00,8610.0,8703.0,8600.5,8617.5
2020-03-02 08:00:00,8618.0,8774.0,8616.0,8751.0
2020-03-02 12:00:00,8751.5,8885.5,8719.5,8831.5
2020-03-02 16:00:00,8831.0,8917.5,8827.0,8890.5
2020-03-02 20:00:00,8891.0,8967.0,8861.5,8918.5
2020-03-03 00:00:00,8919.0,8930.0,8816.0,8877.5
2020-03-03 04:00:00,8878.0,8878.0,8751.0,8762.5
2020-03-03 08:00:00,8763.0,8882.0,8747.5,8881.5
2020-03-03 12:00:00,8882.0,8917.0,8670.0,8754.0
2020-03-03 16:00:00,8754.5,8787.0,8660.0,8710.0
2020-03-03 20:00:00,8710.5,8804.5,8692.5,8757.0
2020-03-04 00:00:00,8757.5,8828.0,8726.5,8786.5
2020-03-04 04:00:00,8786.0,8849.0,8777.0,8816.0
2020-03-04 08:00:00,8816.5,8828.0,8705.0,8723.5
2020-03-04 12:00:00,8724.0,8789.5,8665.0,8705.5
2020-03-04 16:00:00,8705.0,8752.5,8681.0,8742.5
2020-03-04 20:00:00,8743.0,8765.0,8687.0,8756.5
2020-03-05 00:00:00,8756.0,8972.5,8756.0,8886.0
2020-03-05 04:00:00,8886.5,8956.0,8877.5,8908.0
2020-03-05 08:00:00,8908.5,9123.0,8905.0,9109.0
2020-03-05 12:00:00,9109.5,9141.0,9038.5,9096.0
2020-03-05 16:00:00,9095.5,9170.0,9082.0,9170.0
2020-03-05 20:00:00,9169.5,9171.0,9053.0,9070.5
2020-03-06 00:00:00,9071.0,9090.0,9001.0,9049.0
2020-03-06 04:00:00,9048.5,9148.0,9026.0,9111.0
2020-03-06 08:00:00,9111.5,9180.0,9090.0,9143.5
2020-03-06 12:00:00,9143.0,9143.5,9035.5,9036.0
2020-03-06 16:00:00,9035.5,9119.0,9035.0,9104.0
2020-03-06 20:00:00,9104.5,9160.5,9083.0,9158.5
2020-03-07 00:00:00,9159.0,9173.5,9105.0,9113.5
2020-03-07 04:00:00,9114.0,9127.0,9064.0,9108.5
2020-03-07 08:00:00,9109.0,9141.0,9089.5,9113.0
2020-03-07 12:00:00,9112.5,9158.0,9091.5,9134.0
2020-03-07 16:00:00,9134.5,9224.5,8851.0,8901.5
2020-03-07 20:00:00,8902.0,8930.0,8863.0,8900.0
2020-03-08 00:00:00,8899.5,8900.0,8723.5,8757.0
2020-03-08 04:00:00,8756.5,8763.5,8713.0,8754.5
2020-03-08 08:00:00,8754.0,8760.5,8688.0,8750.0
2020-03-08 12:00:00,8749.5,8750.5,8291.5,8400.0
2020-03-08 16:00:00,8399.5,8400.0,8162.0,8288.5
2020-03-08 20:00:00,8289.0,8310.0,8001.0,8038.5
2020-03-09 00:00:00,8038.0,8184.5,8000.0,8075.0
2020-03-09 04:00:00,8074.5,8075.0,7682.5,7904.0
2020-03-09 08:00:00,7903.5,7996.0,7770.0,7817.0
2020-03-09 12:00:00,7817.5,7919.0,7630.5,7765.0
2020-03-09 16:00:00,7764.5,7887.0,7694.5,7841.5
2020-03-09 20:00:00,7841.0,7936.0,7794.0,7928.0
2020-03-10 00:00:00,7928.5,7960.0,7834.5,7904.0
2020-03-10 04:00:00,7904.5,7952.5,7860.0,7892.0
2020-03-10 08:00:00,7892.5,8114.5,7870.0,8068.5
2020-03-10 12:00:00,8069.0,8150.0,7723.0,7767.5
2020-03-10 16:00:00,7768.0,7980.0,7730.0,7980.0
2020-03-10 20:00:00,7979.5,8030.5,7873.5,7889.5
2020-03-11 00:00:00,7889.0,7961.5,7861.0,7924.5
2020-03-11 04:00:00,7924.0,7945.0,7815.0,7861.0
2020-03-11 08:00:00,7860.5,7923.5,7761.0,7833.0
2020-03-11 12:00:00,7833.5,7897.5,7741.5,7786.5
2020-03-11 16:00:00,7787.0,7847.5,7593.0,7831.0
2020-03-11 20:00:00,7830.5,7985.0,7806.0,7939.0
2020-03-12 00:00:00,7938.5,7967.0,7557.0,7658.5
2020-03-12 04:00:00,7658.0,7658.5,7356.0,7383.5
2020-03-12 08:00:00,7384.0,7456.5,5600.0,5987.0
2020-03-12 12:00:00,5986.5,6233.0,5625.0,6122.5
2020-03-12 16:00:00,6122.0,6235.0,5940.5,6045.5
2020-03-12 20:00:00,6045.0,6057.5,4266.0,4346.0
2020-03-13 00:00:00,4345.5,5180.0,3596.0,4790.0
2020-03-13 04:00:00,4790.5,5270.0,4180.0,5250.0
2020-03-13 08:00:00,5238.5,5642.5,4987.5,5166.0
2020-03-13 12:00:00,5165.0,5873.5,4860.0,5157.0
2020-03-13 16:00:00,5155.0,5506.0,4721.0,5388.5
2020-03-13 20:00:00,5389.0,5673.0,5155.5,5571.5
2020-03-14 00:00:00,5574.5,5651.0,5295.0,5600.0
2020-03-14 04:00:00,5599.0,5602.5,5386.5,5517.0
2020-03-14 08:00:00,5521.5,5555.0,5192.0,5497.0
2020-03-14 12:00:00,5496.5,5497.0,5274.5,5323.0
2020-03-14 16:00:00,5322.5,5515.0,5266.0,5406.5
2020-03-14 20:00:00,5406.0,5436.0,5046.0,5160.5
2020-03-15 00:00:00,5161.0,5271.0,5087.0,5165.0
2020-03-15 04:00:00,5164.5,5318.0,5164.5,5251.5
2020-03-15 08:00:00,5251.0,5505.0,5196.5,5435.5
2020-03-15 12:00:00,5435.0,5595.0,5235.0,5311.5
2020-03-15 16:00:00,5311.0,5388.5,5256.0,5303.5
2020-03-15 20:00:00,5304.0,5974.0,5158.0,5338.5
2020-03-16 00:00:00,5338.0,5347.5,5155.5,5249.5
2020-03-16 04:00:00,5250.0,5283.5,4756.5,4777.5
2020-03-16 08:00:00,4778.0,4932.0,4394.0,4536.0
2020-03-16 12:00:00,4535.5,5170.0,4473.5,5150.5
2020-03-16 16:00:00,5150.0,5198.0,4840.0,4946.5
2020-03-16 20:00:00,4947.0,5059.0,4821.0,5036.5
2020-03-17 00:00:00,5037.0,5433.0,4930.0,5347.0
2020-03-17 04:00:00,5347.5,5449.5,5230.0,5375.5
2020-03-17 08:00:00,5375.0,5463.0,5185.0,5287.5
2020-03-17 12:00:00,5287.0,5398.0,5075.0,5378.0
2020-03-17 16:00:00,5378.5,5511.0,5309.0,5398.0
2020-03-17 20:00:00,5398.5,5566.0,5322.0,5327.0
2020-03-18 00:00:00,5326.5,5439.5,5295.5,5410.0
2020-03-18 04:00:00,5409.5,5455.0,5122.0,5160.0
2020-03-18 08:00:00,5159.5,5275.0,5020.0,5157.5
2020-03-18 12:00:00,5158.0,5428.0,5003.5,5346.0
2020-03-18 16:00:00,5345.5,5375.5,5151.0,5354.5
2020-03-18 20:00:00,5355.0,5447.5,5282.5,5409.5
2020-03-19 00:00:00,5409.0,5475.0,5260.0,5295.0
2020-03-19 04:00:00,5294.5,5450.0,5289.5,5434.0
2020-03-19 08:00:00,5434.5,5683.5,5395.0,5639.5
2020-03-19 12:00:00,5640.0,5954.0,5628.0,5919.0
2020-03-19 16:00:00,5919.5,6387.5,5830.0,6235.5
2020-03-19 20:00:00,6236.0,6464.0,6150.0,6185.0
2020-03-20 00:00:00,6185.5,6285.0,6062.5,6169.0
2020-03-20 04:00:00,6168.5,6350.5,6119.5,6320.0
2020-03-20 08:00:00,6319.5,6946.0,6302.0,6677.0
2020-03-20 12:00:00,6677.5,6728.0,6435.0,6631.5
2020-03-20 16:00:00,6631.0,6683.0,6180.0,6197.0
2020-03-20 20:00:00,6197.5,6363.0,5653.0,6204.0
2020-03-21 00:00:00,6203.5,6374.0,6057.0,6260.0
2020-03-21 04:00:00,6260.5,6317.0,6027.5,6150.0
2020-03-21 08:00:00,6150.5,6156.5,5860.0,6114.0
2020-03-21 12:00:00,6114.5,6270.0,6087.0,6216.0
2020-03-21 16:00:00,6215.5,6266.5,6049.5,6224.5
2020-03-21 20:00:00,6225.0,6448.0,6086.0,6192.0
2020-03-22 00:00:00,6192.5,6369.0,6105.0,6359.0
2020-03-22 04:00:00,6359.5,6422.5,6276.0,6300.0
2020-03-22 08:00:00,6299.5,6325.0,6130.0,6159.0
2020-03-22 12:00:00,6159.5,6162.0,5910.0,6080.0
2020-03-22 16:00:00,6080.5,6148.0,5861.5,5915.5
2020-03-22 20:00:00,5915.0,6138.5,5737.5,5820.5
2020-03-23 00:00:00,5821.0,6000.0,5683.0,5964.0
2020-03-23 04:00:00,5964.5,5996.0,5855.0,5865.5
2020-03-23 08:00:00,5865.0,5947.0,5743.0,5852.5
2020-03-23 12:00:00,5853.0,6640.5,5853.0,6239.0
2020-03-23 16:00:00,6238.5,6410.0,6238.5,6281.5
2020-03-23 20:00:00,6282.0,6535.0,6278.5,6486.0
2020-03-24 00:00:00,6486.5,6718.0,6484.0,6547.5
2020-03-24 04:00:00,6547.0,6642.5,6400.0,6594.5
2020-03-24 08:00:00,6595.0,6876.5,6594.5,6753.0
2020-03-24 12:00:00,6753.5,6799.0,6441.5,6607.5
2020-03-24 16:00:00,6608.0,6759.0,6532.0,6718.0
2020-03-24 20:00:00,6717.5,6814.5,6636.0,6765.0
2020-03-25 00:00:00,6764.5,6765.0,6537.0,6569.0
2020-03-25 04:00:00,6569.5,6735.0,6540.0,6693.5
2020-03-25 08:00:00,6693.0,6984.0,6454.0,6530.0
2020-03-25 12:00:00,6529.5,6849.5,6515.0,6632.0
2020-03-25 16:00:00,6631.5,6713.0,6586.5,6624.0
2020-03-25 20:00:00,6624.5,6715.0,6557.0,6685.5
2020-03-26 00:00:00,6685.0,6793.5,6670.0,6742.0
2020-03-26 04:00:00,6742.5,6778.5,6565.0,6599.0
2020-03-26 08:00:00,6598.5,6683.0,6575.5,6609.0
2020-03-26 12:00:00,6609.5,6715.0,6490.0,6621.0
2020-03-26 16:00:00,6620.5,6700.0,6597.5,6673.0
2020-03-26 20:00:00,6673.5,6788.0,6666.0,6760.5
2020-03-27 00:00:00,6761.0,6875.0,6760.5,6813.5
2020-03-27 04:00:00,6813.0,6841.0,6604.5,6711.0
2020-03-27 08:00:00,6710.5,6715.5,6608.0,6630.0
2020-03-27 12:00:00,6629.5,6680.0,6574.5,6635.0
2020-03-27 16:00:00,6635.5,6698.5,6589.5,6666.5
2020-03-27 20:00:00,6667.0,6707.0,6250.5,6363.5
2020-03-28 00:00:00,6364.0,6364.0,6055.0,6110.0
2020-03-28 04:00:00,6110.5,6200.0,6088.0,6188.0
2020-03-28 08:00:00,6188.5,6340.0,6168.0,6238.5
2020-03-28 12:00:00,6238.0,6289.0,6160.0,6226.0
2020-03-28 16:00:00,6225.5,6301.5,6031.5,6225.0
2020-03-28 20:00:00,6224.5,6312.0,6163.5,6250.0
2020-03-29 00:00:00,6250.5,6277.0,6188.5,6216.5
2020-03-29 04:00:00,6217.0,6220.0,6116.5,6149.0
2020-03-29 08:00:00,6148.5,6224.5,6075.0,6134.0
2020-03-29 12:00:00,6133.5,6153.0,6055.0,6128.5
2020-03-29 16:00:00,6129.0,6172.0,5876.0,5899.5
2020-03-29 20:00:00,5900.0,5955.0,5860.5,5869.0
2020-03-30 00:00:00,5868.5,6040.0,5846.0,6010.0
2020-03-30 04:00:00,6010.5,6357.0,5998.5,6252.5
2020-03-30 08:00:00,6252.0,6442.0,6247.0,6378.0
2020-03-30 12:00:00,6378.5,6479.0,6280.0,6349.0
2020-03-30 16:00:00,6348.5,6414.0,6313.0,6374.5
2020-03-30 20:00:00,6375.0,6647.0,6369.5,6408.0
2020-03-31 00:00:00,6407.5,6524.5,6397.5,6446.0
2020-03-31 04:00:00,6446.5,6474.0,6381.5,6443.5
2020-03-31 08:00:00,6443.0,6506.0,6352.0,6397.0
2020-03-31 12:00:00,6397.5,6516.5,6325.0,6457.5
2020-03-31 16:00:00,6457.0,6498.0,6405.5,6469.5
2020-03-31 20:00:00,6469.0,6508.0,6409.5,6425.0
